date,record_count,avgv_file,avgv_recomputed_round2,avgv_abs_diff,maxv_file,maxv_recomputed,maxv_abs_diff,minv_file,minv_recomputed,minv_abs_diff,avgs_file,avgs_recomputed_round3,avgs_abs_diff,maxs_file,maxs_recomputed,maxs_abs_diff,mins_file,mins_recomputed,mins_abs_diff,span_file,span_recomputed_round3,span_abs_diff,maxt_file,maxt_recomputed,mint_file,mint_recomputed
2024-01-01,96,5.17,5.17,0.0,9.61,9.61,0.0,1.76,1.76,0.0,0.24,0.24,0.0,0.26,0.26,0.0,0.223,0.223,0.0,0.037,0.037,0.0,2024/1/1 1:30,2024/1/1 1:30,2024/1/1 5:45,2024/1/1 5:45
2024-01-02,96,5.2,5.2,0.0,9.32,9.32,0.0,1.64,1.64,0.0,0.24,0.24,0.0,0.255,0.255,0.0,0.225,0.225,0.0,0.03,0.03,0.0,2024/1/2 1:30,2024/1/2 1:30,2024/1/2 5:15,2024/1/2 5:15
2024-01-03,96,5.19,5.19,0.0,9.38,9.38,0.0,1.81,1.81,0.0,0.239,0.239,0.0,0.251,0.251,0.0,0.226,0.226,0.0,0.025,0.025,0.0,2024/1/3 1:30,2024/1/3 1:30,2024/1/3 5:30,2024/1/3 5:30
2024-01-04,96,5.2,5.2,0.0,9.46,9.46,0.0,1.79,1.79,0.0,0.241,0.241,0.0,0.258,0.258,0.0,0.222,0.222,0.0,0.036,0.036,0.0,2024/1/4 1:15,2024/1/4 1:15,2024/1/4 5:15,2024/1/4 5:15
2024-01-05,96,5.19,5.19,0.0,9.28,9.28,0.0,1.7,1.7,0.0,0.241,0.241,0.0,0.254,0.254,0.0,0.226,0.226,0.0,0.028,0.028,0.0,2024/1/5 1:45,2024/1/5 1:45,2024/1/5 5:30,2024/1/5 5:30
2024-01-06,96,6.75,6.75,0.0,9.52,9.52,0.0,2.48,2.48,0.0,0.243,0.243,0.0,0.257,0.257,0.0,0.225,0.225,0.0,0.032,0.032,0.0,2024/1/6 19:30,2024/1/6 19:30,2024/1/6 6:45,2024/1/6 6:45
2024-01-07,96,6.78,6.78,0.0,9.84,9.84,0.0,2.54,2.54,0.0,0.244,0.244,0.0,0.261,0.261,0.0,0.231,0.231,0.0,0.03,0.03,0.0,2024/1/7 19:30,2024/1/7 19:30,2024/1/7 6:15,2024/1/7 6:15
2024-01-08,96,5.18,5.18,0.0,9.59,9.59,0.0,1.7,1.7,0.0,0.241,0.241,0.0,0.258,0.258,0.0,0.227,0.227,0.0,0.031,0.031,0.0,2024/1/8 1:15,2024/1/8 1:15,2024/1/8 5:00,2024/1/8 5:00
2024-01-09,96,5.21,5.21,0.0,9.48,9.48,0.0,1.57,1.57,0.0,0.24,0.24,0.0,0.259,0.259,0.0,0.221,0.221,0.0,0.038,0.038,0.0,2024/1/9 1:15,2024/1/9 1:15,2024/1/9 5:15,2024/1/9 5:15
2024-01-10,96,5.22,5.22,0.0,9.63,9.63,0.0,1.92,1.92,0.0,0.241,0.241,0.0,0.257,0.257,0.0,0.223,0.223,0.0,0.034,0.034,0.0,2024/1/10 1:15,2024/1/10 1:15,2024/1/10 5:45,2024/1/10 5:45
2024-01-11,96,5.21,5.21,0.0,9.55,9.55,0.0,1.72,1.72,0.0,0.241,0.241,0.0,0.257,0.257,0.0,0.227,0.227,0.0,0.03,0.03,0.0,2024/1/11 1:15,2024/1/11 1:15,2024/1/11 5:30,2024/1/11 5:30
2024-01-12,96,5.2,5.2,0.0,9.55,9.55,0.0,1.63,1.63,0.0,0.24,0.24,0.0,0.255,0.255,0.0,0.222,0.222,0.0,0.033,0.033,0.0,2024/1/12 1:30,2024/1/12 1:30,2024/1/12 5:00,2024/1/12 5:00
2024-01-13,96,6.78,6.78,0.0,9.81,9.81,0.0,2.45,2.45,0.0,0.243,0.243,0.0,0.259,0.259,0.0,0.228,0.228,0.0,0.031,0.031,0.0,2024/1/13 19:15,2024/1/13 19:15,2024/1/13 6:45,2024/1/13 6:45
2024-01-14,96,6.78,6.78,0.0,9.46,9.46,0.0,2.61,2.61,0.0,0.244,0.244,0.0,0.259,0.259,0.0,0.224,0.224,0.0,0.035,0.035,0.0,2024/1/14 19:00,2024/1/14 19:00,2024/1/14 6:00,2024/1/14 6:00
2024-01-15,96,5.2,5.2,0.0,9.3,9.3,0.0,1.8,1.8,0.0,0.241,0.241,0.0,0.255,0.255,0.0,0.226,0.226,0.0,0.029,0.029,0.0,2024/1/15 1:15,2024/1/15 1:15,2024/1/15 5:15,2024/1/15 5:15
2024-01-16,96,5.21,5.21,0.0,9.3,9.3,0.0,1.64,1.64,0.0,0.24,0.24,0.0,0.259,0.259,0.0,0.224,0.224,0.0,0.035,0.035,0.0,2024/1/16 1:30,2024/1/16 1:30,2024/1/16 5:15,2024/1/16 5:15
2024-01-17,96,5.18,5.18,0.0,9.62,9.62,0.0,1.7,1.7,0.0,0.24,0.24,0.0,0.258,0.258,0.0,0.225,0.225,0.0,0.033,0.033,0.0,2024/1/17 1:30,2024/1/17 1:30,2024/1/17 5:15,2024/1/17 5:15
2024-01-18,96,5.21,5.21,0.0,9.68,9.68,0.0,1.77,1.77,0.0,0.241,0.241,0.0,0.26,0.26,0.0,0.223,0.223,0.0,0.037,0.037,0.0,2024/1/18 1:30,2024/1/18 1:30,2024/1/18 5:15,2024/1/18 5:15
2024-01-19,96,5.18,5.18,0.0,9.5,9.5,0.0,1.46,1.46,0.0,0.24,0.24,0.0,0.255,0.255,0.0,0.225,0.225,0.0,0.03,0.03,0.0,2024/1/19 1:30,2024/1/19 1:30,2024/1/19 5:30,2024/1/19 5:30
2024-01-20,96,6.78,6.78,0.0,9.63,9.63,0.0,2.47,2.47,0.0,0.243,0.243,0.0,0.256,0.256,0.0,0.229,0.229,0.0,0.027,0.027,0.0,2024/1/20 19:30,2024/1/20 19:30,2024/1/20 7:00,2024/1/20 7:00
2024-01-21,96,6.78,6.78,0.0,9.53,9.53,0.0,2.58,2.58,0.0,0.244,0.244,0.0,0.257,0.257,0.0,0.224,0.224,0.0,0.033,0.033,0.0,2024/1/21 18:45,2024/1/21 18:45,2024/1/21 7:30,2024/1/21 7:30
2024-01-22,96,5.18,5.18,0.0,9.58,9.58,0.0,1.71,1.71,0.0,0.24,0.24,0.0,0.254,0.254,0.0,0.228,0.228,0.0,0.026,0.026,0.0,2024/1/22 1:30,2024/1/22 1:30,2024/1/22 5:45,2024/1/22 5:45
2024-01-23,96,5.19,5.19,0.0,9.19,9.19,0.0,1.81,1.81,0.0,0.24,0.24,0.0,0.257,0.257,0.0,0.226,0.226,0.0,0.031,0.031,0.0,2024/1/23 2:00,2024/1/23 2:00,2024/1/23 5:30,2024/1/23 5:30
2024-01-24,96,5.18,5.18,0.0,9.3,9.3,0.0,1.58,1.58,0.0,0.24,0.24,0.0,0.254,0.254,0.0,0.228,0.228,0.0,0.026,0.026,0.0,2024/1/24 1:30,2024/1/24 1:30,2024/1/24 5:00,2024/1/24 5:00
2024-01-25,96,5.19,5.19,0.0,9.48,9.48,0.0,1.7,1.7,0.0,0.24,0.24,0.0,0.252,0.252,0.0,0.225,0.225,0.0,0.027,0.027,0.0,2024/1/25 1:45,2024/1/25 1:45,2024/1/25 5:30,2024/1/25 5:30
2024-01-26,96,5.2,5.2,0.0,9.53,9.53,0.0,1.8,1.8,0.0,0.24,0.24,0.0,0.26,0.26,0.0,0.225,0.225,0.0,0.035,0.035,0.0,2024/1/26 1:15,2024/1/26 1:15,2024/1/26 4:45,2024/1/26 4:45
2024-01-27,96,6.78,6.78,0.0,9.85,9.85,0.0,2.57,2.57,0.0,0.244,0.244,0.0,0.256,0.256,0.0,0.229,0.229,0.0,0.027,0.027,0.0,2024/1/27 19:30,2024/1/27 19:30,2024/1/27 6:45,2024/1/27 6:45
2024-01-28,96,6.77,6.77,0.0,9.58,9.58,0.0,2.67,2.67,0.0,0.242,0.242,0.0,0.253,0.253,0.0,0.228,0.228,0.0,0.025,0.025,0.0,2024/1/28 19:15,2024/1/28 19:15,2024/1/28 6:00,2024/1/28 6:00
2024-01-29,96,5.21,5.21,0.0,9.43,9.43,0.0,1.74,1.74,0.0,0.24,0.24,0.0,0.26,0.26,0.0,0.229,0.229,0.0,0.031,0.031,0.0,2024/1/29 1:30,2024/1/29 1:30,2024/1/29 5:30,2024/1/29 5:30
2024-01-30,96,5.18,5.18,0.0,9.46,9.46,0.0,1.55,1.55,0.0,0.239,0.239,0.0,0.255,0.255,0.0,0.224,0.224,0.0,0.031,0.031,0.0,2024/1/30 1:30,2024/1/30 1:30,2024/1/30 5:15,2024/1/30 5:15
2024-01-31,96,5.18,5.18,0.0,9.41,9.41,0.0,1.76,1.76,0.0,0.24,0.24,0.0,0.253,0.253,0.0,0.227,0.227,0.0,0.026,0.026,0.0,2024/1/31 1:45,2024/1/31 1:45,2024/1/31 5:15,2024/1/31 5:15
2024-02-01,96,5.17,5.17,0.0,9.52,9.52,0.0,1.63,1.63,0.0,0.241,0.241,0.0,0.257,0.257,0.0,0.226,0.226,0.0,0.031,0.031,0.0,2024/2/1 1:15,2024/2/1 1:15,2024/2/1 5:15,2024/2/1 5:15
2024-02-02,96,5.17,5.17,0.0,9.41,9.41,0.0,1.73,1.73,0.0,0.241,0.241,0.0,0.255,0.255,0.0,0.228,0.228,0.0,0.027,0.027,0.0,2024/2/2 1:15,2024/2/2 1:15,2024/2/2 5:30,2024/2/2 5:30
2024-02-03,96,6.79,6.79,0.0,9.6,9.6,0.0,2.33,2.33,0.0,0.243,0.243,0.0,0.263,0.263,0.0,0.224,0.224,0.0,0.039,0.039,0.0,2024/2/3 19:15,2024/2/3 19:15,2024/2/3 6:45,2024/2/3 6:45
2024-02-04,96,6.79,6.79,0.0,9.64,9.64,0.0,2.24,2.24,0.0,0.244,0.244,0.0,0.255,0.255,0.0,0.228,0.228,0.0,0.027,0.027,0.0,2024/2/4 18:45,2024/2/4 18:45,2024/2/4 6:45,2024/2/4 6:45
2024-02-05,96,5.19,5.19,0.0,9.62,9.62,0.0,1.89,1.89,0.0,0.241,0.241,0.0,0.259,0.259,0.0,0.221,0.221,0.0,0.038,0.038,0.0,2024/2/5 1:15,2024/2/5 1:15,2024/2/5 4:45,2024/2/5 4:45
2024-02-06,96,5.19,5.19,0.0,9.62,9.62,0.0,1.5,1.5,0.0,0.24,0.24,0.0,0.256,0.256,0.0,0.226,0.226,0.0,0.03,0.03,0.0,2024/2/6 1:15,2024/2/6 1:15,2024/2/6 5:15,2024/2/6 5:15
2024-02-07,96,5.19,5.19,0.0,9.36,9.36,0.0,1.67,1.67,0.0,0.241,0.241,0.0,0.257,0.257,0.0,0.228,0.228,0.0,0.029,0.029,0.0,2024/2/7 1:30,2024/2/7 1:30,2024/2/7 5:30,2024/2/7 5:30
2024-02-08,96,5.21,5.21,0.0,9.4,9.4,0.0,1.84,1.84,0.0,0.241,0.241,0.0,0.256,0.256,0.0,0.226,0.226,0.0,0.03,0.03,0.0,2024/2/8 1:30,2024/2/8 1:30,2024/2/8 5:00,2024/2/8 5:00
2024-02-09,96,5.15,5.15,0.0,9.3,9.3,0.0,1.71,1.71,0.0,0.24,0.24,0.0,0.258,0.258,0.0,0.226,0.226,0.0,0.032,0.032,0.0,2024/2/9 1:00,2024/2/9 1:00,2024/2/9 5:30,2024/2/9 5:30
2024-02-10,96,6.77,6.77,0.0,9.6,9.6,0.0,2.56,2.56,0.0,0.243,0.243,0.0,0.258,0.258,0.0,0.229,0.229,0.0,0.029,0.029,0.0,2024/2/10 19:30,2024/2/10 19:30,2024/2/10 6:15,2024/2/10 6:15
2024-02-11,96,6.77,6.77,0.0,9.51,9.51,0.0,2.56,2.56,0.0,0.244,0.244,0.0,0.255,0.255,0.0,0.23,0.23,0.0,0.025,0.025,0.0,2024/2/11 19:15,2024/2/11 19:15,2024/2/11 7:00,2024/2/11 7:00
2024-02-12,96,5.19,5.19,0.0,9.37,9.37,0.0,1.71,1.71,0.0,0.24,0.24,0.0,0.256,0.256,0.0,0.225,0.225,0.0,0.031,0.031,0.0,2024/2/12 1:30,2024/2/12 1:30,2024/2/12 5:30,2024/2/12 5:30
2024-02-13,96,5.16,5.16,0.0,9.52,9.52,0.0,1.79,1.79,0.0,0.241,0.241,0.0,0.261,0.261,0.0,0.223,0.223,0.0,0.038,0.038,0.0,2024/2/13 1:15,2024/2/13 1:15,2024/2/13 5:00,2024/2/13 5:00
2024-02-14,96,5.17,5.17,0.0,9.41,9.41,0.0,1.59,1.59,0.0,0.24,0.24,0.0,0.256,0.256,0.0,0.221,0.221,0.0,0.035,0.035,0.0,2024/2/14 1:45,2024/2/14 1:45,2024/2/14 5:15,2024/2/14 5:15
2024-02-15,96,5.18,5.18,0.0,9.49,9.49,0.0,1.85,1.85,0.0,0.24,0.24,0.0,0.257,0.257,0.0,0.223,0.223,0.0,0.034,0.034,0.0,2024/2/15 1:15,2024/2/15 1:15,2024/2/15 5:15,2024/2/15 5:15
2024-02-16,96,5.18,5.18,0.0,9.56,9.56,0.0,1.78,1.78,0.0,0.24,0.24,0.0,0.258,0.258,0.0,0.221,0.221,0.0,0.037,0.037,0.0,2024/2/16 1:30,2024/2/16 1:30,2024/2/16 5:15,2024/2/16 5:15
2024-02-17,96,6.79,6.79,0.0,9.51,9.51,0.0,2.5,2.5,0.0,0.244,0.244,0.0,0.258,0.258,0.0,0.228,0.228,0.0,0.03,0.03,0.0,2024/2/17 18:45,2024/2/17 18:45,2024/2/17 7:00,2024/2/17 7:00
2024-02-18,96,6.76,6.76,0.0,9.58,9.58,0.0,2.18,2.18,0.0,0.244,0.244,0.0,0.258,0.258,0.0,0.229,0.229,0.0,0.029,0.029,0.0,2024/2/18 19:15,2024/2/18 19:15,2024/2/18 6:45,2024/2/18 6:45
2024-02-19,96,5.18,5.18,0.0,9.33,9.33,0.0,1.34,1.34,0.0,0.241,0.241,0.0,0.257,0.257,0.0,0.225,0.225,0.0,0.032,0.032,0.0,2024/2/19 1:15,2024/2/19 1:15,2024/2/19 5:15,2024/2/19 5:15
2024-02-20,96,5.18,5.18,0.0,9.3,9.3,0.0,1.73,1.73,0.0,0.242,0.242,0.0,0.258,0.258,0.0,0.222,0.222,0.0,0.036,0.036,0.0,2024/2/20 1:45,2024/2/20 1:45,2024/2/20 5:30,2024/2/20 5:30
2024-02-21,96,5.2,5.2,0.0,9.22,9.22,0.0,1.76,1.76,0.0,0.241,0.241,0.0,0.258,0.258,0.0,0.227,0.227,0.0,0.031,0.031,0.0,2024/2/21 1:30,2024/2/21 1:30,2024/2/21 5:15,2024/2/21 5:15
2024-02-22,96,5.2,5.2,0.0,9.8,9.8,0.0,1.78,1.78,0.0,0.24,0.24,0.0,0.254,0.254,0.0,0.221,0.221,0.0,0.033,0.033,0.0,2024/2/22 1:15,2024/2/22 1:15,2024/2/22 5:15,2024/2/22 5:15
2024-02-23,96,5.18,5.18,0.0,9.59,9.59,0.0,1.7,1.7,0.0,0.24,0.24,0.0,0.258,0.258,0.0,0.223,0.223,0.0,0.035,0.035,0.0,2024/2/23 1:15,2024/2/23 1:15,2024/2/23 5:00,2024/2/23 5:00
2024-02-24,96,6.78,6.78,0.0,9.68,9.68,0.0,2.45,2.45,0.0,0.243,0.243,0.0,0.257,0.257,0.0,0.226,0.226,0.0,0.031,0.031,0.0,2024/2/24 18:45,2024/2/24 18:45,2024/2/24 6:45,2024/2/24 6:45
2024-02-25,96,6.76,6.76,0.0,9.51,9.51,0.0,2.49,2.49,0.0,0.245,0.245,0.0,0.257,0.257,0.0,0.228,0.228,0.0,0.029,0.029,0.0,2024/2/25 18:45,2024/2/25 18:45,2024/2/25 6:45,2024/2/25 6:45
2024-02-26,96,5.17,5.17,0.0,9.46,9.46,0.0,1.58,1.58,0.0,0.241,0.241,0.0,0.254,0.254,0.0,0.224,0.224,0.0,0.03,0.03,0.0,2024/2/26 1:45,2024/2/26 1:45,2024/2/26 5:30,2024/2/26 5:30
2024-02-27,96,5.2,5.2,0.0,9.37,9.37,0.0,1.79,1.79,0.0,0.241,0.241,0.0,0.255,0.255,0.0,0.226,0.226,0.0,0.029,0.029,0.0,2024/2/27 1:45,2024/2/27 1:45,2024/2/27 5:45,2024/2/27 5:45
2024-02-28,96,5.19,5.19,0.0,9.28,9.28,0.0,1.59,1.59,0.0,0.24,0.24,0.0,0.254,0.254,0.0,0.225,0.225,0.0,0.029,0.029,0.0,2024/2/28 1:15,2024/2/28 1:15,2024/2/28 4:45,2024/2/28 4:45
2024-02-29,96,5.17,5.17,0.0,9.75,9.75,0.0,1.6,1.6,0.0,0.241,0.241,0.0,0.254,0.254,0.0,0.225,0.225,0.0,0.029,0.029,0.0,2024/2/29 1:30,2024/2/29 1:30,2024/2/29 5:15,2024/2/29 5:15
2024-03-01,96,4.7,4.7,0.0,8.62,8.62,0.0,1.51,1.51,0.0,0.239,0.239,0.0,0.253,0.253,0.0,0.222,0.222,0.0,0.031,0.031,0.0,2024/3/1 1:30,2024/3/1 1:30,2024/3/1 5:00,2024/3/1 5:00
2024-03-02,96,6.13,6.13,0.0,8.85,8.85,0.0,2.15,2.15,0.0,0.242,0.242,0.0,0.258,0.258,0.0,0.225,0.225,0.0,0.033,0.033,0.0,2024/3/2 19:30,2024/3/2 19:30,2024/3/2 6:45,2024/3/2 6:45
2024-03-03,96,6.18,6.18,0.0,8.58,8.58,0.0,2.26,2.26,0.0,0.242,0.242,0.0,0.255,0.255,0.0,0.228,0.228,0.0,0.027,0.027,0.0,2024/3/3 18:30,2024/3/3 18:30,2024/3/3 7:00,2024/3/3 7:00
2024-03-04,96,4.73,4.73,0.0,8.61,8.61,0.0,1.57,1.57,0.0,0.239,0.239,0.0,0.254,0.254,0.0,0.229,0.229,0.0,0.025,0.025,0.0,2024/3/4 1:15,2024/3/4 1:15,2024/3/4 5:45,2024/3/4 5:45
2024-03-05,96,4.7,4.7,0.0,8.81,8.81,0.0,1.56,1.56,0.0,0.24,0.24,0.0,0.257,0.257,0.0,0.228,0.228,0.0,0.029,0.029,0.0,2024/3/5 1:30,2024/3/5 1:30,2024/3/5 5:15,2024/3/5 5:15
2024-03-06,96,4.73,4.73,0.0,8.6,8.6,0.0,1.67,1.67,0.0,0.24,0.24,0.0,0.257,0.257,0.0,0.219,0.219,0.0,0.038,0.038,0.0,2024/3/6 1:30,2024/3/6 1:30,2024/3/6 5:30,2024/3/6 5:30
2024-03-07,96,4.71,4.71,0.0,8.5,8.5,0.0,1.39,1.39,0.0,0.239,0.239,0.0,0.255,0.255,0.0,0.222,0.222,0.0,0.033,0.033,0.0,2024/3/7 1:30,2024/3/7 1:30,2024/3/7 5:30,2024/3/7 5:30
2024-03-08,96,4.69,4.69,0.0,8.6,8.6,0.0,1.47,1.47,0.0,0.24,0.24,0.0,0.255,0.255,0.0,0.225,0.225,0.0,0.03,0.03,0.0,2024/3/8 1:30,2024/3/8 1:30,2024/3/8 5:30,2024/3/8 5:30
2024-03-09,96,6.16,6.16,0.0,8.58,8.58,0.0,2.17,2.17,0.0,0.243,0.243,0.0,0.262,0.262,0.0,0.229,0.229,0.0,0.033,0.033,0.0,2024/3/9 18:45,2024/3/9 18:45,2024/3/9 6:45,2024/3/9 6:45
2024-03-10,96,6.15,6.15,0.0,8.77,8.77,0.0,2.3,2.3,0.0,0.243,0.243,0.0,0.255,0.255,0.0,0.229,0.229,0.0,0.026,0.026,0.0,2024/3/10 19:00,2024/3/10 19:00,2024/3/10 7:00,2024/3/10 7:00
2024-03-11,96,4.7,4.7,0.0,8.66,8.66,0.0,1.44,1.44,0.0,0.239,0.239,0.0,0.254,0.254,0.0,0.226,0.226,0.0,0.028,0.028,0.0,2024/3/11 1:15,2024/3/11 1:15,2024/3/11 5:00,2024/3/11 5:00
2024-03-12,96,4.7,4.7,0.0,8.76,8.76,0.0,1.39,1.39,0.0,0.24,0.24,0.0,0.252,0.252,0.0,0.226,0.226,0.0,0.026,0.026,0.0,2024/3/12 1:15,2024/3/12 1:15,2024/3/12 5:15,2024/3/12 5:15
2024-03-13,96,4.73,4.73,0.0,8.87,8.87,0.0,1.65,1.65,0.0,0.24,0.24,0.0,0.253,0.253,0.0,0.227,0.227,0.0,0.026,0.026,0.0,2024/3/13 1:15,2024/3/13 1:15,2024/3/13 5:15,2024/3/13 5:15
2024-03-14,96,4.72,4.72,0.0,8.59,8.59,0.0,1.49,1.49,0.0,0.24,0.24,0.0,0.257,0.257,0.0,0.221,0.221,0.0,0.036,0.036,0.0,2024/3/14 1:15,2024/3/14 1:15,2024/3/14 5:30,2024/3/14 5:30
2024-03-15,96,4.71,4.71,0.0,8.54,8.54,0.0,1.36,1.36,0.0,0.239,0.239,0.0,0.254,0.254,0.0,0.224,0.224,0.0,0.03,0.03,0.0,2024/3/15 1:15,2024/3/15 1:15,2024/3/15 5:15,2024/3/15 5:15
2024-03-16,96,6.17,6.17,0.0,8.64,8.64,0.0,2.26,2.26,0.0,0.242,0.242,0.0,0.26,0.26,0.0,0.224,0.224,0.0,0.036,0.036,0.0,2024/3/16 18:30,2024/3/16 18:30,2024/3/16 6:15,2024/3/16 6:15
2024-03-17,96,6.17,6.17,0.0,8.81,8.81,0.0,2.31,2.31,0.0,0.243,0.243,0.0,0.257,0.257,0.0,0.224,0.224,0.0,0.033,0.033,0.0,2024/3/17 19:45,2024/3/17 19:45,2024/3/17 6:30,2024/3/17 6:30
2024-03-18,96,4.71,4.71,0.0,8.58,8.58,0.0,1.53,1.53,0.0,0.24,0.24,0.0,0.258,0.258,0.0,0.225,0.225,0.0,0.033,0.033,0.0,2024/3/18 1:30,2024/3/18 1:30,2024/3/18 5:45,2024/3/18 5:45
2024-03-19,96,4.7,4.7,0.0,8.48,8.48,0.0,1.57,1.57,0.0,0.239,0.239,0.0,0.254,0.254,0.0,0.225,0.225,0.0,0.029,0.029,0.0,2024/3/19 1:15,2024/3/19 1:15,2024/3/19 5:00,2024/3/19 5:00
2024-03-20,96,4.69,4.69,0.0,8.51,8.51,0.0,1.54,1.54,0.0,0.24,0.24,0.0,0.259,0.259,0.0,0.222,0.222,0.0,0.037,0.037,0.0,2024/3/20 1:15,2024/3/20 1:15,2024/3/20 5:15,2024/3/20 5:15
2024-03-21,96,4.75,4.75,0.0,8.62,8.62,0.0,1.49,1.49,0.0,0.239,0.239,0.0,0.252,0.252,0.0,0.225,0.225,0.0,0.027,0.027,0.0,2024/3/21 1:15,2024/3/21 1:15,2024/3/21 5:15,2024/3/21 5:15
2024-03-22,96,4.72,4.72,0.0,8.76,8.76,0.0,1.49,1.49,0.0,0.239,0.239,0.0,0.256,0.256,0.0,0.224,0.224,0.0,0.032,0.032,0.0,2024/3/22 1:45,2024/3/22 1:45,2024/3/22 5:00,2024/3/22 5:00
2024-03-23,96,6.17,6.17,0.0,8.74,8.74,0.0,2.18,2.18,0.0,0.242,0.242,0.0,0.255,0.255,0.0,0.224,0.224,0.0,0.031,0.031,0.0,2024/3/23 19:00,2024/3/23 19:00,2024/3/23 6:30,2024/3/23 6:30
2024-03-24,96,6.16,6.16,0.0,8.74,8.74,0.0,2.28,2.28,0.0,0.243,0.243,0.0,0.259,0.259,0.0,0.217,0.217,0.0,0.042,0.042,0.0,2024/3/24 19:15,2024/3/24 19:15,2024/3/24 6:30,2024/3/24 6:30
2024-03-25,96,4.7,4.7,0.0,8.67,8.67,0.0,1.39,1.39,0.0,0.24,0.24,0.0,0.257,0.257,0.0,0.226,0.226,0.0,0.031,0.031,0.0,2024/3/25 1:30,2024/3/25 1:30,2024/3/25 5:30,2024/3/25 5:30
2024-03-26,96,4.73,4.73,0.0,8.93,8.93,0.0,1.21,1.21,0.0,0.24,0.24,0.0,0.254,0.254,0.0,0.219,0.219,0.0,0.035,0.035,0.0,2024/3/26 1:15,2024/3/26 1:15,2024/3/26 5:00,2024/3/26 5:00
2024-03-27,96,4.74,4.74,0.0,8.74,8.74,0.0,1.56,1.56,0.0,0.239,0.239,0.0,0.258,0.258,0.0,0.224,0.224,0.0,0.034,0.034,0.0,2024/3/27 1:15,2024/3/27 1:15,2024/3/27 5:30,2024/3/27 5:30
2024-03-28,96,4.72,4.72,0.0,8.44,8.44,0.0,1.29,1.29,0.0,0.24,0.24,0.0,0.255,0.255,0.0,0.223,0.223,0.0,0.032,0.032,0.0,2024/3/28 1:30,2024/3/28 1:30,2024/3/28 5:15,2024/3/28 5:15
2024-03-29,96,4.72,4.72,0.0,8.48,8.48,0.0,1.51,1.51,0.0,0.239,0.239,0.0,0.253,0.253,0.0,0.218,0.218,0.0,0.035,0.035,0.0,2024/3/29 1:45,2024/3/29 1:45,2024/3/29 5:00,2024/3/29 5:00
2024-03-30,96,6.17,6.17,0.0,8.76,8.76,0.0,2.17,2.17,0.0,0.242,0.242,0.0,0.256,0.256,0.0,0.229,0.229,0.0,0.027,0.027,0.0,2024/3/30 18:45,2024/3/30 18:45,2024/3/30 6:15,2024/3/30 6:15
2024-03-31,96,6.18,6.18,0.0,8.69,8.69,0.0,2.23,2.23,0.0,0.242,0.242,0.0,0.255,0.255,0.0,0.224,0.224,0.0,0.031,0.031,0.0,2024/3/31 19:00,2024/3/31 19:00,2024/3/31 6:30,2024/3/31 6:30
2024-04-01,96,4.72,4.72,0.0,8.71,8.71,0.0,1.62,1.62,0.0,0.24,0.24,0.0,0.254,0.254,0.0,0.223,0.223,0.0,0.031,0.031,0.0,2024/4/1 1:15,2024/4/1 1:15,2024/4/1 5:00,2024/4/1 5:00
2024-04-02,96,4.69,4.69,0.0,8.74,8.74,0.0,1.35,1.35,0.0,0.24,0.24,0.0,0.253,0.253,0.0,0.223,0.223,0.0,0.03,0.03,0.0,2024/4/2 1:30,2024/4/2 1:30,2024/4/2 5:15,2024/4/2 5:15
2024-04-03,96,4.73,4.73,0.0,8.62,8.62,0.0,1.62,1.62,0.0,0.24,0.24,0.0,0.256,0.256,0.0,0.23,0.23,0.0,0.026,0.026,0.0,2024/4/3 1:30,2024/4/3 1:30,2024/4/3 5:45,2024/4/3 5:45
2024-04-04,96,4.74,4.74,0.0,8.52,8.52,0.0,1.43,1.43,0.0,0.239,0.239,0.0,0.253,0.253,0.0,0.225,0.225,0.0,0.028,0.028,0.0,2024/4/4 1:30,2024/4/4 1:30,2024/4/4 5:15,2024/4/4 5:15
2024-04-05,96,4.71,4.71,0.0,8.61,8.61,0.0,1.63,1.63,0.0,0.239,0.239,0.0,0.25,0.25,0.0,0.225,0.225,0.0,0.025,0.025,0.0,2024/4/5 1:30,2024/4/5 1:30,2024/4/5 5:15,2024/4/5 5:15
2024-04-06,96,6.14,6.14,0.0,8.89,8.89,0.0,2.21,2.21,0.0,0.244,0.244,0.0,0.263,0.263,0.0,0.23,0.23,0.0,0.033,0.033,0.0,2024/4/6 19:30,2024/4/6 19:30,2024/4/6 6:45,2024/4/6 6:45
2024-04-07,96,6.16,6.16,0.0,8.78,8.78,0.0,2.27,2.27,0.0,0.242,0.242,0.0,0.257,0.257,0.0,0.23,0.23,0.0,0.027,0.027,0.0,2024/4/7 18:45,2024/4/7 18:45,2024/4/7 7:00,2024/4/7 7:00
2024-04-08,96,4.71,4.71,0.0,8.42,8.42,0.0,1.4,1.4,0.0,0.24,0.24,0.0,0.252,0.252,0.0,0.225,0.225,0.0,0.027,0.027,0.0,2024/4/8 1:15,2024/4/8 1:15,2024/4/8 5:00,2024/4/8 5:00
2024-04-09,96,4.72,4.72,0.0,8.61,8.61,0.0,1.51,1.51,0.0,0.239,0.239,0.0,0.255,0.255,0.0,0.223,0.223,0.0,0.032,0.032,0.0,2024/4/9 1:15,2024/4/9 1:15,2024/4/9 5:30,2024/4/9 5:30
2024-04-10,96,4.72,4.72,0.0,8.71,8.71,0.0,1.58,1.58,0.0,0.24,0.24,0.0,0.255,0.255,0.0,0.224,0.224,0.0,0.031,0.031,0.0,2024/4/10 1:15,2024/4/10 1:15,2024/4/10 5:15,2024/4/10 5:15
2024-04-11,96,4.7,4.7,0.0,8.61,8.61,0.0,1.49,1.49,0.0,0.239,0.239,0.0,0.251,0.251,0.0,0.227,0.227,0.0,0.024,0.024,0.0,2024/4/11 1:30,2024/4/11 1:30,2024/4/11 5:15,2024/4/11 5:15
2024-04-12,96,4.71,4.71,0.0,8.54,8.54,0.0,1.67,1.67,0.0,0.239,0.239,0.0,0.256,0.256,0.0,0.227,0.227,0.0,0.029,0.029,0.0,2024/4/12 1:15,2024/4/12 1:15,2024/4/12 5:30,2024/4/12 5:30
2024-04-13,96,6.17,6.17,0.0,8.83,8.83,0.0,2.4,2.4,0.0,0.243,0.243,0.0,0.261,0.261,0.0,0.227,0.227,0.0,0.034,0.034,0.0,2024/4/13 19:00,2024/4/13 19:00,2024/4/13 7:15,2024/4/13 7:15
2024-04-14,96,6.15,6.15,0.0,8.79,8.79,0.0,2.21,2.21,0.0,0.243,0.243,0.0,0.254,0.254,0.0,0.228,0.228,0.0,0.026,0.026,0.0,2024/4/14 19:45,2024/4/14 19:45,2024/4/14 7:00,2024/4/14 7:00
2024-04-15,96,4.69,4.69,0.0,8.51,8.51,0.0,1.38,1.38,0.0,0.239,0.239,0.0,0.251,0.251,0.0,0.226,0.226,0.0,0.025,0.025,0.0,2024/4/15 1:15,2024/4/15 1:15,2024/4/15 5:30,2024/4/15 5:30
2024-04-16,96,4.73,4.73,0.0,8.63,8.63,0.0,1.73,1.73,0.0,0.24,0.24,0.0,0.255,0.255,0.0,0.225,0.225,0.0,0.03,0.03,0.0,2024/4/16 1:30,2024/4/16 1:30,2024/4/16 5:00,2024/4/16 5:00
2024-04-17,96,4.72,4.72,0.0,8.55,8.55,0.0,1.56,1.56,0.0,0.24,0.24,0.0,0.252,0.252,0.0,0.22,0.22,0.0,0.032,0.032,0.0,2024/4/17 1:45,2024/4/17 1:45,2024/4/17 5:00,2024/4/17 5:00
2024-04-18,96,4.72,4.72,0.0,8.54,8.54,0.0,1.32,1.32,0.0,0.238,0.238,0.0,0.253,0.253,0.0,0.222,0.222,0.0,0.031,0.031,0.0,2024/4/18 1:30,2024/4/18 1:30,2024/4/18 5:30,2024/4/18 5:30
2024-04-19,96,4.7,4.7,0.0,8.63,8.63,0.0,1.66,1.66,0.0,0.24,0.24,0.0,0.254,0.254,0.0,0.227,0.227,0.0,0.027,0.027,0.0,2024/4/19 1:15,2024/4/19 1:15,2024/4/19 5:15,2024/4/19 5:15
2024-04-20,96,6.16,6.16,0.0,8.53,8.53,0.0,2.24,2.24,0.0,0.243,0.243,0.0,0.256,0.256,0.0,0.228,0.228,0.0,0.028,0.028,0.0,2024/4/20 19:30,2024/4/20 19:30,2024/4/20 6:15,2024/4/20 6:15
2024-04-21,96,6.14,6.14,0.0,8.6,8.6,0.0,2.17,2.17,0.0,0.243,0.243,0.0,0.257,0.257,0.0,0.221,0.221,0.0,0.036,0.036,0.0,2024/4/21 20:00,2024/4/21 20:00,2024/4/21 7:00,2024/4/21 7:00
2024-04-22,96,4.72,4.72,0.0,8.58,8.58,0.0,1.73,1.73,0.0,0.24,0.24,0.0,0.256,0.256,0.0,0.222,0.222,0.0,0.034,0.034,0.0,2024/4/22 1:30,2024/4/22 1:30,2024/4/22 6:00,2024/4/22 6:00
2024-04-23,96,4.69,4.69,0.0,8.43,8.43,0.0,1.59,1.59,0.0,0.239,0.239,0.0,0.25,0.25,0.0,0.227,0.227,0.0,0.023,0.023,0.0,2024/4/23 1:15,2024/4/23 1:15,2024/4/23 5:00,2024/4/23 5:00
2024-04-24,96,4.72,4.72,0.0,8.82,8.82,0.0,1.63,1.63,0.0,0.24,0.24,0.0,0.253,0.253,0.0,0.228,0.228,0.0,0.025,0.025,0.0,2024/4/24 1:15,2024/4/24 1:15,2024/4/24 5:15,2024/4/24 5:15
2024-04-25,96,4.72,4.72,0.0,8.74,8.74,0.0,1.42,1.42,0.0,0.239,0.239,0.0,0.251,0.251,0.0,0.223,0.223,0.0,0.028,0.028,0.0,2024/4/25 1:30,2024/4/25 1:30,2024/4/25 5:30,2024/4/25 5:30
2024-04-26,96,4.72,4.72,0.0,8.7,8.7,0.0,1.63,1.63,0.0,0.239,0.239,0.0,0.258,0.258,0.0,0.217,0.217,0.0,0.041,0.041,0.0,2024/4/26 1:15,2024/4/26 1:15,2024/4/26 5:00,2024/4/26 5:00
2024-04-27,96,6.16,6.16,0.0,8.58,8.58,0.0,2.12,2.12,0.0,0.242,0.242,0.0,0.259,0.259,0.0,0.23,0.23,0.0,0.029,0.029,0.0,2024/4/27 19:30,2024/4/27 19:30,2024/4/27 6:00,2024/4/27 6:00
2024-04-28,96,6.16,6.16,0.0,8.75,8.75,0.0,2.42,2.42,0.0,0.243,0.243,0.0,0.26,0.26,0.0,0.23,0.23,0.0,0.03,0.03,0.0,2024/4/28 19:45,2024/4/28 19:45,2024/4/28 7:00,2024/4/28 7:00
2024-04-29,96,4.71,4.71,0.0,8.57,8.57,0.0,1.49,1.49,0.0,0.239,0.239,0.0,0.256,0.256,0.0,0.219,0.219,0.0,0.037,0.037,0.0,2024/4/29 1:15,2024/4/29 1:15,2024/4/29 5:00,2024/4/29 5:00
2024-04-30,96,4.72,4.72,0.0,8.57,8.57,0.0,1.6,1.6,0.0,0.238,0.238,0.0,0.257,0.257,0.0,0.223,0.223,0.0,0.034,0.034,0.0,2024/4/30 1:30,2024/4/30 1:30,2024/4/30 5:00,2024/4/30 5:00
2024-05-01,96,4.73,4.73,0.0,8.68,8.68,0.0,1.62,1.62,0.0,0.239,0.239,0.0,0.255,0.255,0.0,0.224,0.224,0.0,0.031,0.031,0.0,2024/5/1 1:15,2024/5/1 1:15,2024/5/1 5:15,2024/5/1 5:15
2024-05-02,96,4.71,4.71,0.0,8.63,8.63,0.0,1.58,1.58,0.0,0.239,0.239,0.0,0.257,0.257,0.0,0.22,0.22,0.0,0.037,0.037,0.0,2024/5/2 1:45,2024/5/2 1:45,2024/5/2 5:30,2024/5/2 5:30
2024-05-03,96,4.7,4.7,0.0,8.72,8.72,0.0,1.57,1.57,0.0,0.24,0.24,0.0,0.255,0.255,0.0,0.224,0.224,0.0,0.031,0.031,0.0,2024/5/3 1:15,2024/5/3 1:15,2024/5/3 5:00,2024/5/3 5:00
2024-05-04,96,6.15,6.15,0.0,8.86,8.86,0.0,2.31,2.31,0.0,0.242,0.242,0.0,0.256,0.256,0.0,0.228,0.228,0.0,0.028,0.028,0.0,2024/5/4 18:45,2024/5/4 18:45,2024/5/4 6:15,2024/5/4 6:15
2024-05-05,96,6.18,6.18,0.0,8.85,8.85,0.0,2.2,2.2,0.0,0.241,0.241,0.0,0.261,0.261,0.0,0.228,0.228,0.0,0.033,0.033,0.0,2024/5/5 19:30,2024/5/5 19:30,2024/5/5 7:00,2024/5/5 7:00
2024-05-06,96,4.72,4.72,0.0,8.54,8.54,0.0,1.58,1.58,0.0,0.238,0.238,0.0,0.253,0.253,0.0,0.22,0.22,0.0,0.033,0.033,0.0,2024/5/6 1:45,2024/5/6 1:45,2024/5/6 5:30,2024/5/6 5:30
2024-05-07,96,4.73,4.73,0.0,8.51,8.51,0.0,1.37,1.37,0.0,0.24,0.24,0.0,0.254,0.254,0.0,0.223,0.223,0.0,0.031,0.031,0.0,2024/5/7 1:15,2024/5/7 1:15,2024/5/7 5:00,2024/5/7 5:00
2024-05-08,96,4.72,4.72,0.0,8.72,8.72,0.0,1.78,1.78,0.0,0.24,0.24,0.0,0.251,0.251,0.0,0.225,0.225,0.0,0.026,0.026,0.0,2024/5/8 1:15,2024/5/8 1:15,2024/5/8 5:00,2024/5/8 5:00
2024-05-09,96,4.71,4.71,0.0,8.71,8.71,0.0,1.35,1.35,0.0,0.24,0.24,0.0,0.258,0.258,0.0,0.22,0.22,0.0,0.038,0.038,0.0,2024/5/9 1:30,2024/5/9 1:30,2024/5/9 5:00,2024/5/9 5:00
2024-05-10,96,4.69,4.69,0.0,8.57,8.57,0.0,1.5,1.5,0.0,0.24,0.24,0.0,0.257,0.257,0.0,0.227,0.227,0.0,0.03,0.03,0.0,2024/5/10 1:30,2024/5/10 1:30,2024/5/10 5:15,2024/5/10 5:15
2024-05-11,96,6.18,6.18,0.0,8.82,8.82,0.0,2.32,2.32,0.0,0.242,0.242,0.0,0.256,0.256,0.0,0.223,0.223,0.0,0.033,0.033,0.0,2024/5/11 19:00,2024/5/11 19:00,2024/5/11 6:45,2024/5/11 6:45
2024-05-12,96,6.17,6.17,0.0,8.85,8.85,0.0,2.17,2.17,0.0,0.243,0.243,0.0,0.256,0.256,0.0,0.224,0.224,0.0,0.032,0.032,0.0,2024/5/12 19:45,2024/5/12 19:45,2024/5/12 6:30,2024/5/12 6:30
2024-05-13,96,4.71,4.71,0.0,8.59,8.59,0.0,1.51,1.51,0.0,0.237,0.237,0.0,0.256,0.256,0.0,0.222,0.222,0.0,0.034,0.034,0.0,2024/5/13 1:15,2024/5/13 1:15,2024/5/13 4:45,2024/5/13 4:45
2024-05-14,96,4.7,4.7,0.0,8.55,8.55,0.0,1.62,1.62,0.0,0.24,0.24,0.0,0.253,0.253,0.0,0.226,0.226,0.0,0.027,0.027,0.0,2024/5/14 1:30,2024/5/14 1:30,2024/5/14 5:15,2024/5/14 5:15
2024-05-15,96,4.73,4.73,0.0,8.59,8.59,0.0,1.5,1.5,0.0,0.24,0.24,0.0,0.256,0.256,0.0,0.223,0.223,0.0,0.033,0.033,0.0,2024/5/15 1:30,2024/5/15 1:30,2024/5/15 5:00,2024/5/15 5:00
2024-05-16,96,4.73,4.73,0.0,8.81,8.81,0.0,1.72,1.72,0.0,0.239,0.239,0.0,0.26,0.26,0.0,0.219,0.219,0.0,0.041,0.041,0.0,2024/5/16 1:15,2024/5/16 1:15,2024/5/16 4:45,2024/5/16 4:45
2024-05-17,96,4.74,4.74,0.0,8.77,8.77,0.0,1.61,1.61,0.0,0.239,0.239,0.0,0.256,0.256,0.0,0.224,0.224,0.0,0.032,0.032,0.0,2024/5/17 1:15,2024/5/17 1:15,2024/5/17 5:00,2024/5/17 5:00
2024-05-18,96,6.17,6.17,0.0,8.85,8.85,0.0,2.16,2.16,0.0,0.242,0.242,0.0,0.257,0.257,0.0,0.223,0.223,0.0,0.034,0.034,0.0,2024/5/18 19:15,2024/5/18 19:15,2024/5/18 6:45,2024/5/18 6:45
2024-05-19,96,6.15,6.15,0.0,8.66,8.66,0.0,2.28,2.28,0.0,0.242,0.242,0.0,0.257,0.257,0.0,0.227,0.227,0.0,0.03,0.03,0.0,2024/5/19 19:15,2024/5/19 19:15,2024/5/19 6:45,2024/5/19 6:45
2024-05-20,96,4.74,4.74,0.0,8.74,8.74,0.0,1.63,1.63,0.0,0.24,0.24,0.0,0.256,0.256,0.0,0.224,0.224,0.0,0.032,0.032,0.0,2024/5/20 1:00,2024/5/20 1:00,2024/5/20 5:00,2024/5/20 5:00
2024-05-21,96,4.7,4.7,0.0,8.54,8.54,0.0,1.43,1.43,0.0,0.24,0.24,0.0,0.256,0.256,0.0,0.223,0.223,0.0,0.033,0.033,0.0,2024/5/21 1:15,2024/5/21 1:15,2024/5/21 5:00,2024/5/21 5:00
2024-05-22,96,4.74,4.74,0.0,8.77,8.77,0.0,1.62,1.62,0.0,0.239,0.239,0.0,0.254,0.254,0.0,0.225,0.225,0.0,0.029,0.029,0.0,2024/5/22 1:30,2024/5/22 1:30,2024/5/22 5:15,2024/5/22 5:15
2024-05-23,96,4.71,4.71,0.0,8.68,8.68,0.0,1.66,1.66,0.0,0.239,0.239,0.0,0.256,0.256,0.0,0.222,0.222,0.0,0.034,0.034,0.0,2024/5/23 1:30,2024/5/23 1:30,2024/5/23 5:30,2024/5/23 5:30
2024-05-24,96,4.73,4.73,0.0,8.6,8.6,0.0,1.6,1.6,0.0,0.24,0.24,0.0,0.255,0.255,0.0,0.222,0.222,0.0,0.033,0.033,0.0,2024/5/24 1:30,2024/5/24 1:30,2024/5/24 5:15,2024/5/24 5:15
2024-05-25,96,6.17,6.17,0.0,8.65,8.65,0.0,2.4,2.4,0.0,0.242,0.242,0.0,0.259,0.259,0.0,0.219,0.219,0.0,0.04,0.04,0.0,2024/5/25 19:00,2024/5/25 19:00,2024/5/25 6:00,2024/5/25 6:00
2024-05-26,96,6.15,6.15,0.0,8.59,8.59,0.0,2.26,2.26,0.0,0.243,0.243,0.0,0.258,0.258,0.0,0.224,0.224,0.0,0.034,0.034,0.0,2024/5/26 14:30,2024/5/26 14:30,2024/5/26 6:45,2024/5/26 6:45
2024-05-27,96,4.71,4.71,0.0,8.72,8.72,0.0,1.5,1.5,0.0,0.24,0.24,0.0,0.255,0.255,0.0,0.219,0.219,0.0,0.036,0.036,0.0,2024/5/27 1:15,2024/5/27 1:15,2024/5/27 5:15,2024/5/27 5:15
2024-05-28,96,4.75,4.75,0.0,8.63,8.63,0.0,1.64,1.64,0.0,0.24,0.24,0.0,0.256,0.256,0.0,0.227,0.227,0.0,0.029,0.029,0.0,2024/5/28 1:30,2024/5/28 1:30,2024/5/28 5:00,2024/5/28 5:00
2024-05-29,96,4.72,4.72,0.0,8.53,8.53,0.0,1.27,1.27,0.0,0.24,0.24,0.0,0.257,0.257,0.0,0.224,0.224,0.0,0.033,0.033,0.0,2024/5/29 1:30,2024/5/29 1:30,2024/5/29 5:00,2024/5/29 5:00
2024-05-30,96,4.7,4.7,0.0,8.59,8.59,0.0,1.52,1.52,0.0,0.24,0.24,0.0,0.257,0.257,0.0,0.227,0.227,0.0,0.03,0.03,0.0,2024/5/30 1:15,2024/5/30 1:15,2024/5/30 5:15,2024/5/30 5:15
2024-05-31,96,4.71,4.71,0.0,8.64,8.64,0.0,1.58,1.58,0.0,0.239,0.239,0.0,0.253,0.253,0.0,0.224,0.224,0.0,0.029,0.029,0.0,2024/5/31 1:30,2024/5/31 1:30,2024/5/31 5:15,2024/5/31 5:15
2024-06-01,96,6.18,6.18,0.0,8.85,8.85,0.0,2.43,2.43,0.0,0.242,0.242,0.0,0.256,0.256,0.0,0.226,0.226,0.0,0.03,0.03,0.0,2024/6/1 18:45,2024/6/1 18:45,2024/6/1 6:00,2024/6/1 6:00
2024-06-02,96,6.16,6.16,0.0,8.86,8.86,0.0,1.95,1.95,0.0,0.242,0.242,0.0,0.253,0.253,0.0,0.228,0.228,0.0,0.025,0.025,0.0,2024/6/2 19:00,2024/6/2 19:00,2024/6/2 6:45,2024/6/2 6:45
2024-06-03,96,4.73,4.73,0.0,8.56,8.56,0.0,1.55,1.55,0.0,0.24,0.24,0.0,0.255,0.255,0.0,0.223,0.223,0.0,0.032,0.032,0.0,2024/6/3 1:30,2024/6/3 1:30,2024/6/3 5:15,2024/6/3 5:15
2024-06-04,96,4.73,4.73,0.0,8.67,8.67,0.0,1.61,1.61,0.0,0.239,0.239,0.0,0.256,0.256,0.0,0.224,0.224,0.0,0.032,0.032,0.0,2024/6/4 1:15,2024/6/4 1:15,2024/6/4 5:00,2024/6/4 5:00
2024-06-05,96,4.72,4.72,0.0,8.79,8.79,0.0,1.56,1.56,0.0,0.239,0.239,0.0,0.259,0.259,0.0,0.225,0.225,0.0,0.034,0.034,0.0,2024/6/5 1:45,2024/6/5 1:45,2024/6/5 5:30,2024/6/5 5:30
2024-06-06,96,4.7,4.7,0.0,8.64,8.64,0.0,1.68,1.68,0.0,0.239,0.239,0.0,0.255,0.255,0.0,0.219,0.219,0.0,0.036,0.036,0.0,2024/6/6 1:15,2024/6/6 1:15,2024/6/6 5:15,2024/6/6 5:15
2024-06-07,96,4.74,4.74,0.0,8.85,8.85,0.0,1.47,1.47,0.0,0.24,0.24,0.0,0.257,0.257,0.0,0.224,0.224,0.0,0.033,0.033,0.0,2024/6/7 1:30,2024/6/7 1:30,2024/6/7 5:45,2024/6/7 5:45
2024-06-08,96,6.13,6.13,0.0,8.76,8.76,0.0,2.26,2.26,0.0,0.242,0.242,0.0,0.254,0.254,0.0,0.23,0.23,0.0,0.024,0.024,0.0,2024/6/8 19:00,2024/6/8 19:00,2024/6/8 7:30,2024/6/8 7:30
2024-06-09,96,6.17,6.17,0.0,8.89,8.89,0.0,2.15,2.15,0.0,0.243,0.243,0.0,0.254,0.254,0.0,0.228,0.228,0.0,0.026,0.026,0.0,2024/6/9 19:15,2024/6/9 19:15,2024/6/9 6:30,2024/6/9 6:30
2024-06-10,96,4.72,4.72,0.0,8.61,8.61,0.0,1.55,1.55,0.0,0.238,0.238,0.0,0.254,0.254,0.0,0.221,0.221,0.0,0.033,0.033,0.0,2024/6/10 1:30,2024/6/10 1:30,2024/6/10 5:45,2024/6/10 5:45
2024-06-11,96,4.7,4.7,0.0,8.66,8.66,0.0,1.69,1.69,0.0,0.24,0.24,0.0,0.256,0.256,0.0,0.22,0.22,0.0,0.036,0.036,0.0,2024/6/11 1:15,2024/6/11 1:15,2024/6/11 4:30,2024/6/11 4:30
2024-06-12,96,4.7,4.7,0.0,8.54,8.54,0.0,1.5,1.5,0.0,0.24,0.24,0.0,0.251,0.251,0.0,0.227,0.227,0.0,0.024,0.024,0.0,2024/6/12 1:15,2024/6/12 1:15,2024/6/12 4:45,2024/6/12 4:45
2024-06-13,96,4.72,4.72,0.0,8.68,8.68,0.0,1.67,1.67,0.0,0.24,0.24,0.0,0.255,0.255,0.0,0.225,0.225,0.0,0.03,0.03,0.0,2024/6/13 1:30,2024/6/13 1:30,2024/6/13 5:45,2024/6/13 5:45
2024-06-14,96,4.73,4.73,0.0,8.61,8.61,0.0,1.5,1.5,0.0,0.239,0.239,0.0,0.254,0.254,0.0,0.221,0.221,0.0,0.033,0.033,0.0,2024/6/14 1:15,2024/6/14 1:15,2024/6/14 5:45,2024/6/14 5:45
2024-06-15,96,6.18,6.18,0.0,8.79,8.79,0.0,2.15,2.15,0.0,0.242,0.242,0.0,0.256,0.256,0.0,0.223,0.223,0.0,0.033,0.033,0.0,2024/6/15 19:30,2024/6/15 19:30,2024/6/15 6:30,2024/6/15 6:30
2024-06-16,96,6.17,6.17,0.0,8.64,8.64,0.0,2.24,2.24,0.0,0.242,0.242,0.0,0.256,0.256,0.0,0.229,0.229,0.0,0.027,0.027,0.0,2024/6/16 18:15,2024/6/16 18:15,2024/6/16 6:45,2024/6/16 6:45
2024-06-17,96,4.72,4.72,0.0,8.38,8.38,0.0,1.49,1.49,0.0,0.239,0.239,0.0,0.253,0.253,0.0,0.219,0.219,0.0,0.034,0.034,0.0,2024/6/17 1:45,2024/6/17 1:45,2024/6/17 5:15,2024/6/17 5:15
2024-06-18,96,4.71,4.71,0.0,8.58,8.58,0.0,1.43,1.43,0.0,0.24,0.24,0.0,0.256,0.256,0.0,0.224,0.224,0.0,0.032,0.032,0.0,2024/6/18 1:15,2024/6/18 1:15,2024/6/18 4:45,2024/6/18 4:45
2024-06-19,96,4.71,4.71,0.0,8.65,8.65,0.0,1.62,1.62,0.0,0.24,0.24,0.0,0.255,0.255,0.0,0.228,0.228,0.0,0.027,0.027,0.0,2024/6/19 1:30,2024/6/19 1:30,2024/6/19 5:30,2024/6/19 5:30
2024-06-20,96,4.72,4.72,0.0,8.65,8.65,0.0,1.44,1.44,0.0,0.24,0.24,0.0,0.257,0.257,0.0,0.222,0.222,0.0,0.035,0.035,0.0,2024/6/20 1:15,2024/6/20 1:15,2024/6/20 5:15,2024/6/20 5:15
2024-06-21,96,4.72,4.72,0.0,8.64,8.64,0.0,1.52,1.52,0.0,0.238,0.238,0.0,0.253,0.253,0.0,0.224,0.224,0.0,0.029,0.029,0.0,2024/6/21 1:45,2024/6/21 1:45,2024/6/21 5:30,2024/6/21 5:30
2024-06-22,96,6.17,6.17,0.0,8.98,8.98,0.0,2.25,2.25,0.0,0.242,0.242,0.0,0.255,0.255,0.0,0.225,0.225,0.0,0.03,0.03,0.0,2024/6/22 19:00,2024/6/22 19:00,2024/6/22 6:45,2024/6/22 6:45
2024-06-23,96,6.15,6.15,0.0,8.81,8.81,0.0,2.21,2.21,0.0,0.243,0.243,0.0,0.254,0.254,0.0,0.229,0.229,0.0,0.025,0.025,0.0,2024/6/23 19:30,2024/6/23 19:30,2024/6/23 7:00,2024/6/23 7:00
2024-06-24,96,4.72,4.72,0.0,8.85,8.85,0.0,1.39,1.39,0.0,0.239,0.239,0.0,0.254,0.254,0.0,0.227,0.227,0.0,0.027,0.027,0.0,2024/6/24 1:30,2024/6/24 1:30,2024/6/24 5:30,2024/6/24 5:30
2024-06-25,96,4.73,4.73,0.0,8.52,8.52,0.0,1.61,1.61,0.0,0.24,0.24,0.0,0.256,0.256,0.0,0.225,0.225,0.0,0.031,0.031,0.0,2024/6/25 1:30,2024/6/25 1:30,2024/6/25 5:00,2024/6/25 5:00
2024-06-26,96,4.72,4.72,0.0,8.8,8.8,0.0,1.6,1.6,0.0,0.24,0.24,0.0,0.254,0.254,0.0,0.226,0.226,0.0,0.028,0.028,0.0,2024/6/26 1:15,2024/6/26 1:15,2024/6/26 5:15,2024/6/26 5:15
2024-06-27,96,4.71,4.71,0.0,8.55,8.55,0.0,1.33,1.33,0.0,0.24,0.24,0.0,0.253,0.253,0.0,0.229,0.229,0.0,0.024,0.024,0.0,2024/6/27 1:30,2024/6/27 1:30,2024/6/27 5:15,2024/6/27 5:15
2024-06-28,96,4.74,4.74,0.0,8.62,8.62,0.0,1.49,1.49,0.0,0.24,0.24,0.0,0.254,0.254,0.0,0.225,0.225,0.0,0.029,0.029,0.0,2024/6/28 1:15,2024/6/28 1:15,2024/6/28 5:00,2024/6/28 5:00
2024-06-29,96,6.17,6.17,0.0,8.7,8.7,0.0,2.3,2.3,0.0,0.243,0.243,0.0,0.255,0.255,0.0,0.228,0.228,0.0,0.027,0.027,0.0,2024/6/29 18:30,2024/6/29 18:30,2024/6/29 6:30,2024/6/29 6:30
2024-06-30,96,6.15,6.15,0.0,8.77,8.77,0.0,2.34,2.34,0.0,0.242,0.242,0.0,0.259,0.259,0.0,0.226,0.226,0.0,0.033,0.033,0.0,2024/6/30 19:00,2024/6/30 19:00,2024/6/30 6:45,2024/6/30 6:45
2024-07-01,96,5.22,5.22,0.0,9.44,9.44,0.0,1.67,1.67,0.0,0.24,0.24,0.0,0.253,0.253,0.0,0.224,0.224,0.0,0.029,0.029,0.0,2024/7/1 1:30,2024/7/1 1:30,2024/7/1 5:15,2024/7/1 5:15
2024-07-02,96,5.2,5.2,0.0,9.52,9.52,0.0,1.88,1.88,0.0,0.24,0.24,0.0,0.253,0.253,0.0,0.226,0.226,0.0,0.027,0.027,0.0,2024/7/2 1:30,2024/7/2 1:30,2024/7/2 5:00,2024/7/2 5:00
2024-07-03,96,5.2,5.2,0.0,9.37,9.37,0.0,1.77,1.77,0.0,0.241,0.241,0.0,0.259,0.259,0.0,0.222,0.222,0.0,0.037,0.037,0.0,2024/7/3 1:15,2024/7/3 1:15,2024/7/3 4:45,2024/7/3 4:45
2024-07-04,96,5.17,5.17,0.0,9.43,9.43,0.0,1.65,1.65,0.0,0.24,0.24,0.0,0.256,0.256,0.0,0.226,0.226,0.0,0.03,0.03,0.0,2024/7/4 1:30,2024/7/4 1:30,2024/7/4 5:30,2024/7/4 5:30
2024-07-05,96,5.17,5.17,0.0,9.29,9.29,0.0,1.61,1.61,0.0,0.24,0.24,0.0,0.254,0.254,0.0,0.219,0.219,0.0,0.035,0.035,0.0,2024/7/5 1:15,2024/7/5 1:15,2024/7/5 5:30,2024/7/5 5:30
2024-07-06,96,6.77,6.77,0.0,9.58,9.58,0.0,2.5,2.5,0.0,0.244,0.244,0.0,0.258,0.258,0.0,0.22,0.22,0.0,0.038,0.038,0.0,2024/7/6 19:30,2024/7/6 19:30,2024/7/6 6:15,2024/7/6 6:15
2024-07-07,96,6.79,6.79,0.0,9.71,9.71,0.0,2.52,2.52,0.0,0.244,0.244,0.0,0.257,0.257,0.0,0.226,0.226,0.0,0.031,0.031,0.0,2024/7/7 19:00,2024/7/7 19:00,2024/7/7 6:30,2024/7/7 6:30
2024-07-08,96,5.2,5.2,0.0,9.41,9.41,0.0,1.67,1.67,0.0,0.241,0.241,0.0,0.255,0.255,0.0,0.225,0.225,0.0,0.03,0.03,0.0,2024/7/8 1:15,2024/7/8 1:15,2024/7/8 4:45,2024/7/8 4:45
2024-07-09,96,5.18,5.18,0.0,9.4,9.4,0.0,1.8,1.8,0.0,0.24,0.24,0.0,0.252,0.252,0.0,0.221,0.221,0.0,0.031,0.031,0.0,2024/7/9 1:15,2024/7/9 1:15,2024/7/9 5:15,2024/7/9 5:15
2024-07-10,96,5.2,5.2,0.0,9.54,9.54,0.0,1.69,1.69,0.0,0.241,0.241,0.0,0.256,0.256,0.0,0.225,0.225,0.0,0.031,0.031,0.0,2024/7/10 1:30,2024/7/10 1:30,2024/7/10 5:15,2024/7/10 5:15
2024-07-11,96,5.2,5.2,0.0,9.41,9.41,0.0,1.75,1.75,0.0,0.24,0.24,0.0,0.256,0.256,0.0,0.218,0.218,0.0,0.038,0.038,0.0,2024/7/11 1:30,2024/7/11 1:30,2024/7/11 5:00,2024/7/11 5:00
2024-07-12,96,5.19,5.19,0.0,9.36,9.36,0.0,1.75,1.75,0.0,0.239,0.239,0.0,0.261,0.261,0.0,0.221,0.221,0.0,0.04,0.04,0.0,2024/7/12 1:30,2024/7/12 1:30,2024/7/12 5:00,2024/7/12 5:00
2024-07-13,96,6.76,6.76,0.0,9.68,9.68,0.0,2.51,2.51,0.0,0.243,0.243,0.0,0.259,0.259,0.0,0.226,0.226,0.0,0.033,0.033,0.0,2024/7/13 19:15,2024/7/13 19:15,2024/7/13 6:45,2024/7/13 6:45
2024-07-14,96,6.78,6.78,0.0,9.57,9.57,0.0,2.57,2.57,0.0,0.243,0.243,0.0,0.26,0.26,0.0,0.227,0.227,0.0,0.033,0.033,0.0,2024/7/14 19:45,2024/7/14 19:45,2024/7/14 6:15,2024/7/14 6:15
2024-07-15,96,5.18,5.18,0.0,9.7,9.7,0.0,1.58,1.58,0.0,0.241,0.241,0.0,0.259,0.259,0.0,0.229,0.229,0.0,0.03,0.03,0.0,2024/7/15 1:30,2024/7/15 1:30,2024/7/15 5:00,2024/7/15 5:00
2024-07-16,96,5.18,5.18,0.0,9.33,9.33,0.0,1.75,1.75,0.0,0.241,0.241,0.0,0.258,0.258,0.0,0.224,0.224,0.0,0.034,0.034,0.0,2024/7/16 1:15,2024/7/16 1:15,2024/7/16 5:00,2024/7/16 5:00
2024-07-17,96,5.2,5.2,0.0,9.28,9.28,0.0,1.87,1.87,0.0,0.24,0.24,0.0,0.259,0.259,0.0,0.225,0.225,0.0,0.034,0.034,0.0,2024/7/17 1:45,2024/7/17 1:45,2024/7/17 5:00,2024/7/17 5:00
2024-07-18,96,5.19,5.19,0.0,9.38,9.38,0.0,1.62,1.62,0.0,0.24,0.24,0.0,0.258,0.258,0.0,0.224,0.224,0.0,0.034,0.034,0.0,2024/7/18 1:00,2024/7/18 1:00,2024/7/18 5:15,2024/7/18 5:15
2024-07-19,96,5.19,5.19,0.0,9.38,9.38,0.0,1.85,1.85,0.0,0.241,0.241,0.0,0.258,0.258,0.0,0.225,0.225,0.0,0.033,0.033,0.0,2024/7/19 1:30,2024/7/19 1:30,2024/7/19 5:15,2024/7/19 5:15
2024-07-20,96,6.8,6.8,0.0,9.71,9.71,0.0,2.55,2.55,0.0,0.243,0.243,0.0,0.262,0.262,0.0,0.223,0.223,0.0,0.039,0.039,0.0,2024/7/20 19:30,2024/7/20 19:30,2024/7/20 6:45,2024/7/20 6:45
2024-07-21,96,6.77,6.77,0.0,9.63,9.63,0.0,2.44,2.44,0.0,0.244,0.244,0.0,0.263,0.263,0.0,0.226,0.226,0.0,0.037,0.037,0.0,2024/7/21 19:00,2024/7/21 19:00,2024/7/21 6:45,2024/7/21 6:45
2024-07-22,96,5.19,5.19,0.0,9.36,9.36,0.0,1.76,1.76,0.0,0.24,0.24,0.0,0.256,0.256,0.0,0.224,0.224,0.0,0.032,0.032,0.0,2024/7/22 1:15,2024/7/22 1:15,2024/7/22 5:15,2024/7/22 5:15
2024-07-23,96,5.19,5.19,0.0,9.43,9.43,0.0,1.73,1.73,0.0,0.242,0.242,0.0,0.255,0.255,0.0,0.224,0.224,0.0,0.031,0.031,0.0,2024/7/23 1:00,2024/7/23 1:00,2024/7/23 5:30,2024/7/23 5:30
2024-07-24,96,5.2,5.2,0.0,9.36,9.36,0.0,1.79,1.79,0.0,0.241,0.241,0.0,0.26,0.26,0.0,0.226,0.226,0.0,0.034,0.034,0.0,2024/7/24 1:15,2024/7/24 1:15,2024/7/24 5:30,2024/7/24 5:30
2024-07-25,96,5.21,5.21,0.0,9.4,9.4,0.0,1.78,1.78,0.0,0.241,0.241,0.0,0.257,0.257,0.0,0.223,0.223,0.0,0.034,0.034,0.0,2024/7/25 1:30,2024/7/25 1:30,2024/7/25 5:00,2024/7/25 5:00
2024-07-26,96,5.17,5.17,0.0,9.45,9.45,0.0,1.67,1.67,0.0,0.24,0.24,0.0,0.257,0.257,0.0,0.225,0.225,0.0,0.032,0.032,0.0,2024/7/26 1:15,2024/7/26 1:15,2024/7/26 4:45,2024/7/26 4:45
2024-07-27,96,6.77,6.77,0.0,9.62,9.62,0.0,2.67,2.67,0.0,0.242,0.242,0.0,0.258,0.258,0.0,0.226,0.226,0.0,0.032,0.032,0.0,2024/7/27 19:15,2024/7/27 19:15,2024/7/27 6:45,2024/7/27 6:45
2024-07-28,96,6.78,6.78,0.0,9.48,9.48,0.0,2.45,2.45,0.0,0.243,0.243,0.0,0.255,0.255,0.0,0.231,0.231,0.0,0.024,0.024,0.0,2024/7/28 19:00,2024/7/28 19:00,2024/7/28 7:00,2024/7/28 7:00
2024-07-29,96,5.18,5.18,0.0,9.35,9.35,0.0,1.64,1.64,0.0,0.24,0.24,0.0,0.258,0.258,0.0,0.221,0.221,0.0,0.037,0.037,0.0,2024/7/29 1:30,2024/7/29 1:30,2024/7/29 5:00,2024/7/29 5:00
2024-07-30,96,5.18,5.18,0.0,9.54,9.54,0.0,1.7,1.7,0.0,0.24,0.24,0.0,0.257,0.257,0.0,0.226,0.226,0.0,0.031,0.031,0.0,2024/7/30 1:15,2024/7/30 1:15,2024/7/30 5:30,2024/7/30 5:30
2024-07-31,96,5.18,5.18,0.0,9.65,9.65,0.0,1.81,1.81,0.0,0.24,0.24,0.0,0.259,0.259,0.0,0.224,0.224,0.0,0.035,0.035,0.0,2024/7/31 1:15,2024/7/31 1:15,2024/7/31 5:30,2024/7/31 5:30
2024-08-01,96,5.18,5.18,0.0,9.45,9.45,0.0,1.8,1.8,0.0,0.241,0.241,0.0,0.263,0.263,0.0,0.223,0.223,0.0,0.04,0.04,0.0,2024/8/1 1:30,2024/8/1 1:30,2024/8/1 5:15,2024/8/1 5:15
2024-08-02,96,5.18,5.18,0.0,9.37,9.37,0.0,1.79,1.79,0.0,0.239,0.239,0.0,0.256,0.256,0.0,0.224,0.224,0.0,0.032,0.032,0.0,2024/8/2 1:30,2024/8/2 1:30,2024/8/2 5:15,2024/8/2 5:15
2024-08-03,96,6.79,6.79,0.0,9.54,9.54,0.0,2.45,2.45,0.0,0.244,0.244,0.0,0.257,0.257,0.0,0.226,0.226,0.0,0.031,0.031,0.0,2024/8/3 19:30,2024/8/3 19:30,2024/8/3 7:00,2024/8/3 7:00
2024-08-04,96,6.75,6.75,0.0,9.61,9.61,0.0,2.66,2.66,0.0,0.243,0.243,0.0,0.258,0.258,0.0,0.223,0.223,0.0,0.035,0.035,0.0,2024/8/4 19:30,2024/8/4 19:30,2024/8/4 6:45,2024/8/4 6:45
2024-08-05,96,5.18,5.18,0.0,9.25,9.25,0.0,1.82,1.82,0.0,0.24,0.24,0.0,0.257,0.257,0.0,0.228,0.228,0.0,0.029,0.029,0.0,2024/8/5 1:30,2024/8/5 1:30,2024/8/5 5:30,2024/8/5 5:30
2024-08-06,96,5.22,5.22,0.0,9.53,9.53,0.0,1.8,1.8,0.0,0.241,0.241,0.0,0.264,0.264,0.0,0.225,0.225,0.0,0.039,0.039,0.0,2024/8/6 1:15,2024/8/6 1:15,2024/8/6 5:00,2024/8/6 5:00
2024-08-07,96,5.2,5.2,0.0,9.53,9.53,0.0,1.69,1.69,0.0,0.24,0.24,0.0,0.257,0.257,0.0,0.224,0.224,0.0,0.033,0.033,0.0,2024/8/7 1:15,2024/8/7 1:15,2024/8/7 5:00,2024/8/7 5:00
2024-08-08,96,5.18,5.18,0.0,9.53,9.53,0.0,1.66,1.66,0.0,0.24,0.24,0.0,0.258,0.258,0.0,0.222,0.222,0.0,0.036,0.036,0.0,2024/8/8 1:15,2024/8/8 1:15,2024/8/8 5:00,2024/8/8 5:00
2024-08-09,96,5.18,5.18,0.0,9.44,9.44,0.0,1.91,1.91,0.0,0.241,0.241,0.0,0.252,0.252,0.0,0.226,0.226,0.0,0.026,0.026,0.0,2024/8/9 1:15,2024/8/9 1:15,2024/8/9 5:15,2024/8/9 5:15
2024-08-10,96,6.78,6.78,0.0,9.62,9.62,0.0,2.61,2.61,0.0,0.243,0.243,0.0,0.258,0.258,0.0,0.224,0.224,0.0,0.034,0.034,0.0,2024/8/10 19:30,2024/8/10 19:30,2024/8/10 7:00,2024/8/10 7:00
2024-08-11,96,6.77,6.77,0.0,9.55,9.55,0.0,2.34,2.34,0.0,0.243,0.243,0.0,0.257,0.257,0.0,0.23,0.23,0.0,0.027,0.027,0.0,2024/8/11 19:00,2024/8/11 19:00,2024/8/11 6:30,2024/8/11 6:30
2024-08-12,96,5.19,5.19,0.0,9.24,9.24,0.0,1.66,1.66,0.0,0.241,0.241,0.0,0.258,0.258,0.0,0.224,0.224,0.0,0.034,0.034,0.0,2024/8/12 1:00,2024/8/12 1:00,2024/8/12 5:00,2024/8/12 5:00
2024-08-13,96,5.2,5.2,0.0,9.51,9.51,0.0,1.92,1.92,0.0,0.24,0.24,0.0,0.256,0.256,0.0,0.224,0.224,0.0,0.032,0.032,0.0,2024/8/13 1:30,2024/8/13 1:30,2024/8/13 4:45,2024/8/13 4:45
2024-08-14,96,5.21,5.21,0.0,9.47,9.47,0.0,1.6,1.6,0.0,0.24,0.24,0.0,0.256,0.256,0.0,0.224,0.224,0.0,0.032,0.032,0.0,2024/8/14 1:45,2024/8/14 1:45,2024/8/14 5:15,2024/8/14 5:15
2024-08-15,96,5.19,5.19,0.0,9.49,9.49,0.0,1.89,1.89,0.0,0.24,0.24,0.0,0.256,0.256,0.0,0.218,0.218,0.0,0.038,0.038,0.0,2024/8/15 1:30,2024/8/15 1:30,2024/8/15 5:00,2024/8/15 5:00
2024-08-16,96,5.2,5.2,0.0,9.23,9.23,0.0,1.89,1.89,0.0,0.241,0.241,0.0,0.257,0.257,0.0,0.229,0.229,0.0,0.028,0.028,0.0,2024/8/16 1:15,2024/8/16 1:15,2024/8/16 5:30,2024/8/16 5:30
2024-08-17,96,6.78,6.78,0.0,9.61,9.61,0.0,2.5,2.5,0.0,0.244,0.244,0.0,0.259,0.259,0.0,0.225,0.225,0.0,0.034,0.034,0.0,2024/8/17 19:15,2024/8/17 19:15,2024/8/17 6:15,2024/8/17 6:15
2024-08-18,96,6.76,6.76,0.0,9.67,9.67,0.0,2.39,2.39,0.0,0.244,0.244,0.0,0.257,0.257,0.0,0.224,0.224,0.0,0.033,0.033,0.0,2024/8/18 19:15,2024/8/18 19:15,2024/8/18 6:45,2024/8/18 6:45
2024-08-19,96,5.15,5.15,0.0,9.31,9.31,0.0,1.72,1.72,0.0,0.24,0.24,0.0,0.259,0.259,0.0,0.227,0.227,0.0,0.032,0.032,0.0,2024/8/19 1:30,2024/8/19 1:30,2024/8/19 5:30,2024/8/19 5:30
2024-08-20,96,5.16,5.16,0.0,9.52,9.52,0.0,1.64,1.64,0.0,0.241,0.241,0.0,0.256,0.256,0.0,0.223,0.223,0.0,0.033,0.033,0.0,2024/8/20 1:15,2024/8/20 1:15,2024/8/20 5:00,2024/8/20 5:00
2024-08-21,96,5.17,5.17,0.0,9.41,9.41,0.0,1.72,1.72,0.0,0.24,0.24,0.0,0.255,0.255,0.0,0.222,0.222,0.0,0.033,0.033,0.0,2024/8/21 1:15,2024/8/21 1:15,2024/8/21 5:45,2024/8/21 5:45
2024-08-22,96,5.19,5.19,0.0,9.26,9.26,0.0,1.56,1.56,0.0,0.241,0.241,0.0,0.255,0.255,0.0,0.223,0.223,0.0,0.032,0.032,0.0,2024/8/22 1:15,2024/8/22 1:15,2024/8/22 5:30,2024/8/22 5:30
2024-08-23,96,5.19,5.19,0.0,9.62,9.62,0.0,1.76,1.76,0.0,0.241,0.241,0.0,0.257,0.257,0.0,0.228,0.228,0.0,0.029,0.029,0.0,2024/8/23 1:45,2024/8/23 1:45,2024/8/23 5:00,2024/8/23 5:00
2024-08-24,96,6.76,6.76,0.0,9.57,9.57,0.0,2.49,2.49,0.0,0.244,0.244,0.0,0.26,0.26,0.0,0.23,0.23,0.0,0.03,0.03,0.0,2024/8/24 19:00,2024/8/24 19:00,2024/8/24 6:15,2024/8/24 6:15
2024-08-25,96,6.78,6.78,0.0,9.74,9.74,0.0,2.59,2.59,0.0,0.244,0.244,0.0,0.258,0.258,0.0,0.227,0.227,0.0,0.031,0.031,0.0,2024/8/25 19:15,2024/8/25 19:15,2024/8/25 7:45,2024/8/25 7:45
2024-08-26,96,5.2,5.2,0.0,9.49,9.49,0.0,1.75,1.75,0.0,0.24,0.24,0.0,0.258,0.258,0.0,0.223,0.223,0.0,0.035,0.035,0.0,2024/8/26 1:30,2024/8/26 1:30,2024/8/26 5:00,2024/8/26 5:00
2024-08-27,96,5.19,5.19,0.0,9.52,9.52,0.0,1.77,1.77,0.0,0.24,0.24,0.0,0.256,0.256,0.0,0.224,0.224,0.0,0.032,0.032,0.0,2024/8/27 1:15,2024/8/27 1:15,2024/8/27 5:45,2024/8/27 5:45
2024-08-28,96,5.17,5.17,0.0,9.42,9.42,0.0,1.6,1.6,0.0,0.24,0.24,0.0,0.256,0.256,0.0,0.223,0.223,0.0,0.033,0.033,0.0,2024/8/28 1:15,2024/8/28 1:15,2024/8/28 5:30,2024/8/28 5:30
2024-08-29,96,5.19,5.19,0.0,9.44,9.44,0.0,1.83,1.83,0.0,0.24,0.24,0.0,0.259,0.259,0.0,0.224,0.224,0.0,0.035,0.035,0.0,2024/8/29 1:15,2024/8/29 1:15,2024/8/29 4:45,2024/8/29 4:45
2024-08-30,96,5.19,5.19,0.0,9.52,9.52,0.0,1.82,1.82,0.0,0.241,0.241,0.0,0.258,0.258,0.0,0.227,0.227,0.0,0.031,0.031,0.0,2024/8/30 1:30,2024/8/30 1:30,2024/8/30 5:15,2024/8/30 5:15
2024-08-31,96,6.78,6.78,0.0,9.53,9.53,0.0,2.65,2.65,0.0,0.244,0.244,0.0,0.257,0.257,0.0,0.225,0.225,0.0,0.032,0.032,0.0,2024/8/31 19:30,2024/8/31 19:30,2024/8/31 7:30,2024/8/31 7:30
2024-09-01,96,6.21,6.21,0.0,8.59,8.59,0.0,2.39,2.39,0.0,0.242,0.242,0.0,0.259,0.259,0.0,0.229,0.229,0.0,0.03,0.03,0.0,2024/9/1 19:00,2024/9/1 19:00,2024/9/1 7:00,2024/9/1 7:00
2024-09-02,96,4.69,4.69,0.0,8.73,8.73,0.0,1.57,1.57,0.0,0.239,0.239,0.0,0.253,0.253,0.0,0.225,0.225,0.0,0.028,0.028,0.0,2024/9/2 1:30,2024/9/2 1:30,2024/9/2 5:45,2024/9/2 5:45
2024-09-03,96,4.72,4.72,0.0,8.54,8.54,0.0,1.61,1.61,0.0,0.239,0.239,0.0,0.253,0.253,0.0,0.225,0.225,0.0,0.028,0.028,0.0,2024/9/3 1:15,2024/9/3 1:15,2024/9/3 5:45,2024/9/3 5:45
2024-09-04,96,4.69,4.69,0.0,8.6,8.6,0.0,1.66,1.66,0.0,0.239,0.239,0.0,0.254,0.254,0.0,0.223,0.223,0.0,0.031,0.031,0.0,2024/9/4 1:30,2024/9/4 1:30,2024/9/4 5:15,2024/9/4 5:15
2024-09-05,96,4.72,4.72,0.0,8.73,8.73,0.0,1.68,1.68,0.0,0.239,0.239,0.0,0.253,0.253,0.0,0.226,0.226,0.0,0.027,0.027,0.0,2024/9/5 1:45,2024/9/5 1:45,2024/9/5 5:15,2024/9/5 5:15
2024-09-06,96,4.71,4.71,0.0,8.44,8.44,0.0,1.56,1.56,0.0,0.24,0.24,0.0,0.26,0.26,0.0,0.227,0.227,0.0,0.033,0.033,0.0,2024/9/6 1:00,2024/9/6 1:00,2024/9/6 5:30,2024/9/6 5:30
2024-09-07,96,6.16,6.16,0.0,8.81,8.81,0.0,2.27,2.27,0.0,0.242,0.242,0.0,0.259,0.259,0.0,0.224,0.224,0.0,0.035,0.035,0.0,2024/9/7 19:30,2024/9/7 19:30,2024/9/7 6:45,2024/9/7 6:45
2024-09-08,96,6.19,6.19,0.0,8.67,8.67,0.0,2.25,2.25,0.0,0.242,0.242,0.0,0.258,0.258,0.0,0.229,0.229,0.0,0.029,0.029,0.0,2024/9/8 18:45,2024/9/8 18:45,2024/9/8 6:30,2024/9/8 6:30
2024-09-09,96,4.68,4.68,0.0,8.36,8.36,0.0,1.39,1.39,0.0,0.239,0.239,0.0,0.255,0.255,0.0,0.225,0.225,0.0,0.03,0.03,0.0,2024/9/9 1:15,2024/9/9 1:15,2024/9/9 5:15,2024/9/9 5:15
2024-09-10,96,4.71,4.71,0.0,8.46,8.46,0.0,1.46,1.46,0.0,0.239,0.239,0.0,0.257,0.257,0.0,0.223,0.223,0.0,0.034,0.034,0.0,2024/9/10 1:45,2024/9/10 1:45,2024/9/10 5:15,2024/9/10 5:15
2024-09-11,96,4.72,4.72,0.0,8.53,8.53,0.0,1.68,1.68,0.0,0.239,0.239,0.0,0.257,0.257,0.0,0.22,0.22,0.0,0.037,0.037,0.0,2024/9/11 1:30,2024/9/11 1:30,2024/9/11 5:15,2024/9/11 5:15
2024-09-12,96,4.72,4.72,0.0,8.56,8.56,0.0,1.68,1.68,0.0,0.24,0.24,0.0,0.257,0.257,0.0,0.224,0.224,0.0,0.033,0.033,0.0,2024/9/12 1:30,2024/9/12 1:30,2024/9/12 5:15,2024/9/12 5:15
2024-09-13,96,4.7,4.7,0.0,8.81,8.81,0.0,1.61,1.61,0.0,0.239,0.239,0.0,0.252,0.252,0.0,0.216,0.216,0.0,0.036,0.036,0.0,2024/9/13 1:30,2024/9/13 1:30,2024/9/13 5:45,2024/9/13 5:45
2024-09-14,96,6.14,6.14,0.0,8.74,8.74,0.0,2.26,2.26,0.0,0.244,0.244,0.0,0.26,0.26,0.0,0.227,0.227,0.0,0.033,0.033,0.0,2024/9/14 19:30,2024/9/14 19:30,2024/9/14 6:45,2024/9/14 6:45
2024-09-15,96,6.15,6.15,0.0,8.84,8.84,0.0,2.34,2.34,0.0,0.243,0.243,0.0,0.261,0.261,0.0,0.229,0.229,0.0,0.032,0.032,0.0,2024/9/15 19:30,2024/9/15 19:30,2024/9/15 6:30,2024/9/15 6:30
2024-09-16,96,4.71,4.71,0.0,8.44,8.44,0.0,1.63,1.63,0.0,0.24,0.24,0.0,0.253,0.253,0.0,0.221,0.221,0.0,0.032,0.032,0.0,2024/9/16 1:15,2024/9/16 1:15,2024/9/16 5:00,2024/9/16 5:00
2024-09-17,96,4.71,4.71,0.0,8.83,8.83,0.0,1.62,1.62,0.0,0.239,0.239,0.0,0.256,0.256,0.0,0.224,0.224,0.0,0.032,0.032,0.0,2024/9/17 1:30,2024/9/17 1:30,2024/9/17 5:15,2024/9/17 5:15
2024-09-18,96,4.73,4.73,0.0,8.44,8.44,0.0,1.64,1.64,0.0,0.239,0.239,0.0,0.255,0.255,0.0,0.223,0.223,0.0,0.032,0.032,0.0,2024/9/18 1:15,2024/9/18 1:15,2024/9/18 5:00,2024/9/18 5:00
2024-09-19,96,4.69,4.69,0.0,8.57,8.57,0.0,1.45,1.45,0.0,0.24,0.24,0.0,0.258,0.258,0.0,0.226,0.226,0.0,0.032,0.032,0.0,2024/9/19 1:30,2024/9/19 1:30,2024/9/19 5:45,2024/9/19 5:45
2024-09-20,96,4.72,4.72,0.0,8.69,8.69,0.0,1.56,1.56,0.0,0.239,0.239,0.0,0.254,0.254,0.0,0.227,0.227,0.0,0.027,0.027,0.0,2024/9/20 1:15,2024/9/20 1:15,2024/9/20 5:15,2024/9/20 5:15
2024-09-21,96,6.14,6.14,0.0,8.93,8.93,0.0,2.25,2.25,0.0,0.243,0.243,0.0,0.258,0.258,0.0,0.223,0.223,0.0,0.035,0.035,0.0,2024/9/21 19:30,2024/9/21 19:30,2024/9/21 6:15,2024/9/21 6:15
2024-09-22,96,6.18,6.18,0.0,8.74,8.74,0.0,2.29,2.29,0.0,0.242,0.242,0.0,0.26,0.26,0.0,0.226,0.226,0.0,0.034,0.034,0.0,2024/9/22 19:00,2024/9/22 19:00,2024/9/22 6:15,2024/9/22 6:15
2024-09-23,96,4.75,4.75,0.0,8.66,8.66,0.0,1.67,1.67,0.0,0.238,0.238,0.0,0.253,0.253,0.0,0.225,0.225,0.0,0.028,0.028,0.0,2024/9/23 1:45,2024/9/23 1:45,2024/9/23 5:30,2024/9/23 5:30
2024-09-24,96,4.72,4.72,0.0,8.49,8.49,0.0,1.59,1.59,0.0,0.24,0.24,0.0,0.256,0.256,0.0,0.227,0.227,0.0,0.029,0.029,0.0,2024/9/24 1:45,2024/9/24 1:45,2024/9/24 5:15,2024/9/24 5:15
2024-09-25,96,4.73,4.73,0.0,8.54,8.54,0.0,1.57,1.57,0.0,0.24,0.24,0.0,0.255,0.255,0.0,0.224,0.224,0.0,0.031,0.031,0.0,2024/9/25 1:30,2024/9/25 1:30,2024/9/25 5:15,2024/9/25 5:15
2024-09-26,96,4.71,4.71,0.0,8.6,8.6,0.0,1.49,1.49,0.0,0.24,0.24,0.0,0.253,0.253,0.0,0.224,0.224,0.0,0.029,0.029,0.0,2024/9/26 1:45,2024/9/26 1:45,2024/9/26 5:15,2024/9/26 5:15
2024-09-27,96,4.72,4.72,0.0,8.58,8.58,0.0,1.58,1.58,0.0,0.239,0.239,0.0,0.255,0.255,0.0,0.22,0.22,0.0,0.035,0.035,0.0,2024/9/27 1:45,2024/9/27 1:45,2024/9/27 5:30,2024/9/27 5:30
2024-09-28,96,6.2,6.2,0.0,8.76,8.76,0.0,2.31,2.31,0.0,0.243,0.243,0.0,0.258,0.258,0.0,0.226,0.226,0.0,0.032,0.032,0.0,2024/9/28 19:30,2024/9/28 19:30,2024/9/28 7:00,2024/9/28 7:00
2024-09-29,96,6.14,6.14,0.0,8.64,8.64,0.0,2.21,2.21,0.0,0.242,0.242,0.0,0.257,0.257,0.0,0.225,0.225,0.0,0.032,0.032,0.0,2024/9/29 19:30,2024/9/29 19:30,2024/9/29 7:00,2024/9/29 7:00
2024-09-30,96,4.73,4.73,0.0,8.76,8.76,0.0,1.52,1.52,0.0,0.239,0.239,0.0,0.252,0.252,0.0,0.226,0.226,0.0,0.026,0.026,0.0,2024/9/30 1:30,2024/9/30 1:30,2024/9/30 5:15,2024/9/30 5:15
2024-10-01,96,4.72,4.72,0.0,8.67,8.67,0.0,1.58,1.58,0.0,0.239,0.239,0.0,0.258,0.258,0.0,0.225,0.225,0.0,0.033,0.033,0.0,2024/10/1 1:15,2024/10/1 1:15,2024/10/1 5:30,2024/10/1 5:30
2024-10-02,96,4.73,4.73,0.0,8.65,8.65,0.0,1.57,1.57,0.0,0.24,0.24,0.0,0.258,0.258,0.0,0.225,0.225,0.0,0.033,0.033,0.0,2024/10/2 1:30,2024/10/2 1:30,2024/10/2 5:45,2024/10/2 5:45
2024-10-03,96,4.72,4.72,0.0,8.47,8.47,0.0,1.47,1.47,0.0,0.24,0.24,0.0,0.257,0.257,0.0,0.226,0.226,0.0,0.031,0.031,0.0,2024/10/3 1:15,2024/10/3 1:15,2024/10/3 5:15,2024/10/3 5:15
2024-10-04,96,4.71,4.71,0.0,8.69,8.69,0.0,1.53,1.53,0.0,0.239,0.239,0.0,0.252,0.252,0.0,0.224,0.224,0.0,0.028,0.028,0.0,2024/10/4 1:30,2024/10/4 1:30,2024/10/4 5:45,2024/10/4 5:45
2024-10-05,96,6.17,6.17,0.0,8.68,8.68,0.0,2.2,2.2,0.0,0.242,0.242,0.0,0.26,0.26,0.0,0.224,0.224,0.0,0.036,0.036,0.0,2024/10/5 19:30,2024/10/5 19:30,2024/10/5 6:30,2024/10/5 6:30
2024-10-06,96,6.15,6.15,0.0,8.71,8.71,0.0,2.06,2.06,0.0,0.243,0.243,0.0,0.261,0.261,0.0,0.222,0.222,0.0,0.039,0.039,0.0,2024/10/6 19:15,2024/10/6 19:15,2024/10/6 6:30,2024/10/6 6:30
2024-10-07,96,4.71,4.71,0.0,8.45,8.45,0.0,1.54,1.54,0.0,0.239,0.239,0.0,0.253,0.253,0.0,0.222,0.222,0.0,0.031,0.031,0.0,2024/10/7 1:30,2024/10/7 1:30,2024/10/7 5:15,2024/10/7 5:15
2024-10-08,96,4.7,4.7,0.0,8.77,8.77,0.0,1.54,1.54,0.0,0.239,0.239,0.0,0.258,0.258,0.0,0.218,0.218,0.0,0.04,0.04,0.0,2024/10/8 1:15,2024/10/8 1:15,2024/10/8 5:15,2024/10/8 5:15
2024-10-09,96,4.7,4.7,0.0,8.68,8.68,0.0,1.75,1.75,0.0,0.24,0.24,0.0,0.253,0.253,0.0,0.229,0.229,0.0,0.024,0.024,0.0,2024/10/9 1:30,2024/10/9 1:30,2024/10/9 5:45,2024/10/9 5:45
2024-10-10,96,4.7,4.7,0.0,8.54,8.54,0.0,1.72,1.72,0.0,0.24,0.24,0.0,0.255,0.255,0.0,0.225,0.225,0.0,0.03,0.03,0.0,2024/10/10 1:15,2024/10/10 1:15,2024/10/10 5:30,2024/10/10 5:30
2024-10-11,96,4.72,4.72,0.0,8.6,8.6,0.0,1.53,1.53,0.0,0.239,0.239,0.0,0.254,0.254,0.0,0.224,0.224,0.0,0.03,0.03,0.0,2024/10/11 1:45,2024/10/11 1:45,2024/10/11 5:15,2024/10/11 5:15
2024-10-12,96,6.16,6.16,0.0,8.66,8.66,0.0,2.22,2.22,0.0,0.243,0.243,0.0,0.259,0.259,0.0,0.223,0.223,0.0,0.036,0.036,0.0,2024/10/12 18:45,2024/10/12 18:45,2024/10/12 6:45,2024/10/12 6:45
2024-10-13,96,6.17,6.17,0.0,8.85,8.85,0.0,2.36,2.36,0.0,0.242,0.242,0.0,0.257,0.257,0.0,0.229,0.229,0.0,0.028,0.028,0.0,2024/10/13 19:30,2024/10/13 19:30,2024/10/13 7:00,2024/10/13 7:00
2024-10-14,96,4.73,4.73,0.0,8.74,8.74,0.0,1.63,1.63,0.0,0.239,0.239,0.0,0.255,0.255,0.0,0.224,0.224,0.0,0.031,0.031,0.0,2024/10/14 1:30,2024/10/14 1:30,2024/10/14 5:30,2024/10/14 5:30
2024-10-15,96,4.7,4.7,0.0,8.38,8.38,0.0,1.47,1.47,0.0,0.24,0.24,0.0,0.257,0.257,0.0,0.224,0.224,0.0,0.033,0.033,0.0,2024/10/15 1:15,2024/10/15 1:15,2024/10/15 4:45,2024/10/15 4:45
2024-10-16,96,4.74,4.74,0.0,8.79,8.79,0.0,1.58,1.58,0.0,0.24,0.24,0.0,0.255,0.255,0.0,0.224,0.224,0.0,0.031,0.031,0.0,2024/10/16 1:30,2024/10/16 1:30,2024/10/16 5:30,2024/10/16 5:30
2024-10-17,96,4.71,4.71,0.0,8.73,8.73,0.0,1.43,1.43,0.0,0.239,0.239,0.0,0.257,0.257,0.0,0.225,0.225,0.0,0.032,0.032,0.0,2024/10/17 1:30,2024/10/17 1:30,2024/10/17 5:15,2024/10/17 5:15
2024-10-18,96,4.73,4.73,0.0,8.54,8.54,0.0,1.55,1.55,0.0,0.241,0.241,0.0,0.258,0.258,0.0,0.224,0.224,0.0,0.034,0.034,0.0,2024/10/18 1:30,2024/10/18 1:30,2024/10/18 5:30,2024/10/18 5:30
2024-10-19,96,6.15,6.15,0.0,8.75,8.75,0.0,2.08,2.08,0.0,0.242,0.242,0.0,0.258,0.258,0.0,0.229,0.229,0.0,0.029,0.029,0.0,2024/10/19 19:45,2024/10/19 19:45,2024/10/19 6:45,2024/10/19 6:45
2024-10-20,96,6.14,6.14,0.0,8.91,8.91,0.0,2.06,2.06,0.0,0.242,0.242,0.0,0.255,0.255,0.0,0.221,0.221,0.0,0.034,0.034,0.0,2024/10/20 19:15,2024/10/20 19:15,2024/10/20 6:45,2024/10/20 6:45
2024-10-21,96,4.71,4.71,0.0,8.69,8.69,0.0,1.52,1.52,0.0,0.239,0.239,0.0,0.251,0.251,0.0,0.222,0.222,0.0,0.029,0.029,0.0,2024/10/21 1:30,2024/10/21 1:30,2024/10/21 5:45,2024/10/21 5:45
2024-10-22,96,4.71,4.71,0.0,8.64,8.64,0.0,1.29,1.29,0.0,0.239,0.239,0.0,0.254,0.254,0.0,0.225,0.225,0.0,0.029,0.029,0.0,2024/10/22 1:00,2024/10/22 1:00,2024/10/22 5:15,2024/10/22 5:15
2024-10-23,96,4.7,4.7,0.0,8.51,8.51,0.0,1.65,1.65,0.0,0.239,0.239,0.0,0.253,0.253,0.0,0.22,0.22,0.0,0.033,0.033,0.0,2024/10/23 1:15,2024/10/23 1:15,2024/10/23 5:00,2024/10/23 5:00
2024-10-24,96,4.72,4.72,0.0,8.61,8.61,0.0,1.55,1.55,0.0,0.24,0.24,0.0,0.254,0.254,0.0,0.223,0.223,0.0,0.031,0.031,0.0,2024/10/24 1:15,2024/10/24 1:15,2024/10/24 5:00,2024/10/24 5:00
2024-10-25,96,4.7,4.7,0.0,8.52,8.52,0.0,1.66,1.66,0.0,0.24,0.24,0.0,0.255,0.255,0.0,0.22,0.22,0.0,0.035,0.035,0.0,2024/10/25 1:15,2024/10/25 1:15,2024/10/25 5:45,2024/10/25 5:45
2024-10-26,96,6.14,6.14,0.0,8.93,8.93,0.0,2.18,2.18,0.0,0.242,0.242,0.0,0.256,0.256,0.0,0.228,0.228,0.0,0.028,0.028,0.0,2024/10/26 18:45,2024/10/26 18:45,2024/10/26 6:45,2024/10/26 6:45
2024-10-27,96,6.13,6.13,0.0,8.63,8.63,0.0,2.28,2.28,0.0,0.243,0.243,0.0,0.256,0.256,0.0,0.227,0.227,0.0,0.029,0.029,0.0,2024/10/27 19:30,2024/10/27 19:30,2024/10/27 6:30,2024/10/27 6:30
2024-10-28,96,4.71,4.71,0.0,8.68,8.68,0.0,1.6,1.6,0.0,0.239,0.239,0.0,0.255,0.255,0.0,0.224,0.224,0.0,0.031,0.031,0.0,2024/10/28 1:15,2024/10/28 1:15,2024/10/28 5:15,2024/10/28 5:15
2024-10-29,96,4.71,4.71,0.0,8.8,8.8,0.0,1.61,1.61,0.0,0.24,0.24,0.0,0.258,0.258,0.0,0.222,0.222,0.0,0.036,0.036,0.0,2024/10/29 1:30,2024/10/29 1:30,2024/10/29 5:15,2024/10/29 5:15
2024-10-30,96,4.72,4.72,0.0,8.84,8.84,0.0,1.38,1.38,0.0,0.24,0.24,0.0,0.261,0.261,0.0,0.223,0.223,0.0,0.038,0.038,0.0,2024/10/30 1:15,2024/10/30 1:15,2024/10/30 5:15,2024/10/30 5:15
2024-10-31,96,4.73,4.73,0.0,8.62,8.62,0.0,1.56,1.56,0.0,0.24,0.24,0.0,0.259,0.259,0.0,0.222,0.222,0.0,0.037,0.037,0.0,2024/10/31 1:30,2024/10/31 1:30,2024/10/31 5:15,2024/10/31 5:15
